Model,Accuracy,F1,AUC,Fold,Scenario
RF,0.7037037037037037,0.6666666666666666,0.7527472527472527,1,A_Baseline
RF,0.6296296296296297,0.5833333333333334,0.7252747252747254,1,B_Fidelity
RF,0.6296296296296297,0.5833333333333334,0.6483516483516484,1,C_Scale
RF,0.7407407407407407,0.6956521739130435,0.7774725274725275,1,D_Augment_0.5
RF,0.7037037037037037,0.6666666666666666,0.7802197802197802,1,D_Augment_1.0
RF,0.7407407407407407,0.6956521739130435,0.7747252747252747,1,D_Augment_2.0
RF,0.6666666666666666,0.64,0.7472527472527473,1,D_Augment_4.0
XGB,0.6666666666666666,0.64,0.7417582417582418,1,A_Baseline
XGB,0.6296296296296297,0.5454545454545454,0.6868131868131868,1,B_Fidelity
XGB,0.5555555555555556,0.45454545454545453,0.6373626373626373,1,C_Scale
XGB,0.7037037037037037,0.6666666666666666,0.7774725274725276,1,D_Augment_0.5
XGB,0.7037037037037037,0.6923076923076923,0.7857142857142857,1,D_Augment_1.0
XGB,0.7037037037037037,0.6666666666666666,0.695054945054945,1,D_Augment_2.0
XGB,0.7407407407407407,0.6956521739130435,0.7472527472527473,1,D_Augment_4.0
KNN,0.7407407407407407,0.72,0.804945054945055,1,A_Baseline
KNN,0.7407407407407407,0.7407407407407407,0.7967032967032968,1,B_Fidelity
KNN,0.6296296296296297,0.5833333333333334,0.6373626373626374,1,C_Scale
KNN,0.8148148148148148,0.8,0.8296703296703297,1,D_Augment_0.5
KNN,0.6666666666666666,0.6086956521739131,0.6291208791208791,1,D_Augment_1.0
KNN,0.7037037037037037,0.6666666666666666,0.7637362637362638,1,D_Augment_2.0
KNN,0.7407407407407407,0.72,0.7307692307692307,1,D_Augment_4.0
LR,0.7037037037037037,0.6923076923076923,0.7472527472527472,1,A_Baseline
LR,0.7407407407407407,0.72,0.7582417582417583,1,B_Fidelity
LR,0.7037037037037037,0.6923076923076923,0.7252747252747253,1,C_Scale
LR,0.7037037037037037,0.6923076923076923,0.7802197802197802,1,D_Augment_0.5
LR,0.6666666666666666,0.6666666666666666,0.7637362637362638,1,D_Augment_1.0
LR,0.7407407407407407,0.6956521739130435,0.7472527472527473,1,D_Augment_2.0
LR,0.7407407407407407,0.72,0.7692307692307693,1,D_Augment_4.0
RF,0.8518518518518519,0.8333333333333334,0.8434065934065934,2,A_Baseline
RF,0.6666666666666666,0.7096774193548387,0.8076923076923077,2,B_Fidelity
RF,0.7037037037037037,0.7142857142857143,0.7967032967032966,2,C_Scale
RF,0.8148148148148148,0.782608695652174,0.7609890109890111,2,D_Augment_0.5
RF,0.8148148148148148,0.8,0.8131868131868132,2,D_Augment_1.0
RF,0.8518518518518519,0.8333333333333334,0.8516483516483517,2,D_Augment_2.0
RF,0.8888888888888888,0.8695652173913043,0.9120879120879121,2,D_Augment_4.0
XGB,0.8148148148148148,0.782608695652174,0.8543956043956044,2,A_Baseline
XGB,0.6296296296296297,0.6428571428571429,0.7527472527472527,2,B_Fidelity
XGB,0.7777777777777778,0.7857142857142857,0.7802197802197802,2,C_Scale
XGB,0.7777777777777778,0.7692307692307693,0.8516483516483516,2,D_Augment_0.5
XGB,0.8148148148148148,0.782608695652174,0.9340659340659341,2,D_Augment_1.0
XGB,0.7037037037037037,0.6923076923076923,0.7692307692307693,2,D_Augment_2.0
XGB,0.5925925925925926,0.6206896551724138,0.6153846153846154,2,D_Augment_4.0
KNN,0.7777777777777778,0.7692307692307693,0.8351648351648351,2,A_Baseline
KNN,0.7037037037037037,0.7333333333333333,0.8296703296703296,2,B_Fidelity
KNN,0.6666666666666666,0.6896551724137931,0.7637362637362638,2,C_Scale
KNN,0.8148148148148148,0.782608695652174,0.8598901098901099,2,D_Augment_0.5
KNN,0.7407407407407407,0.7407407407407407,0.8791208791208791,2,D_Augment_1.0
KNN,0.7777777777777778,0.75,0.8461538461538463,2,D_Augment_2.0
KNN,0.7037037037037037,0.7333333333333333,0.8406593406593407,2,D_Augment_4.0
LR,0.8518518518518519,0.8333333333333334,0.8681318681318682,2,A_Baseline
LR,0.7037037037037037,0.75,0.8791208791208791,2,B_Fidelity
LR,0.8518518518518519,0.8461538461538461,0.8956043956043956,2,C_Scale
LR,0.7777777777777778,0.7857142857142857,0.8736263736263736,2,D_Augment_0.5
LR,0.8148148148148148,0.8148148148148148,0.9065934065934066,2,D_Augment_1.0
LR,0.8518518518518519,0.8571428571428571,0.9230769230769231,2,D_Augment_2.0
LR,0.8518518518518519,0.8571428571428571,0.9285714285714286,2,D_Augment_4.0
RF,0.8148148148148148,0.8148148148148148,0.8791208791208791,3,A_Baseline
RF,0.5925925925925926,0.47619047619047616,0.5412087912087913,3,B_Fidelity
RF,0.7777777777777778,0.7857142857142857,0.8351648351648352,3,C_Scale
RF,0.7777777777777778,0.7857142857142857,0.8791208791208791,3,D_Augment_0.5
RF,0.8518518518518519,0.8571428571428571,0.8846153846153846,3,D_Augment_1.0
RF,0.7407407407407407,0.72,0.8653846153846154,3,D_Augment_2.0
RF,0.8888888888888888,0.896551724137931,0.9175824175824175,3,D_Augment_4.0
XGB,0.7407407407407407,0.72,0.8461538461538461,3,A_Baseline
XGB,0.5185185185185185,0.38095238095238093,0.5274725274725275,3,B_Fidelity
XGB,0.7407407407407407,0.6956521739130435,0.7747252747252746,3,C_Scale
XGB,0.6666666666666666,0.64,0.7857142857142857,3,D_Augment_0.5
XGB,0.7407407407407407,0.6666666666666666,0.8846153846153846,3,D_Augment_1.0
XGB,0.8888888888888888,0.896551724137931,0.9120879120879121,3,D_Augment_2.0
XGB,0.7407407407407407,0.7586206896551724,0.8681318681318682,3,D_Augment_4.0
KNN,0.8148148148148148,0.8148148148148148,0.8461538461538463,3,A_Baseline
KNN,0.48148148148148145,0.5333333333333333,0.510989010989011,3,B_Fidelity
KNN,0.6666666666666666,0.6666666666666666,0.7637362637362638,3,C_Scale
KNN,0.7407407407407407,0.7407407407407407,0.7884615384615383,3,D_Augment_0.5
KNN,0.7777777777777778,0.7857142857142857,0.8516483516483516,3,D_Augment_1.0
KNN,0.7037037037037037,0.6923076923076923,0.7692307692307692,3,D_Augment_2.0
KNN,0.7777777777777778,0.75,0.8351648351648352,3,D_Augment_4.0
LR,0.7777777777777778,0.7857142857142857,0.8626373626373627,3,A_Baseline
LR,0.7407407407407407,0.6956521739130435,0.7747252747252747,3,B_Fidelity
LR,0.8148148148148148,0.8,0.846153846153846,3,C_Scale
LR,0.7777777777777778,0.7692307692307693,0.8571428571428571,3,D_Augment_0.5
LR,0.8148148148148148,0.8275862068965517,0.8681318681318682,3,D_Augment_1.0
LR,0.7407407407407407,0.7407407407407407,0.8681318681318682,3,D_Augment_2.0
LR,0.7777777777777778,0.7857142857142857,0.8901098901098901,3,D_Augment_4.0
RF,0.8518518518518519,0.8181818181818182,0.9722222222222222,4,A_Baseline
RF,0.8148148148148148,0.7619047619047619,0.9388888888888889,4,B_Fidelity
RF,0.8518518518518519,0.8333333333333334,0.9277777777777778,4,C_Scale
RF,0.8888888888888888,0.8695652173913043,0.9833333333333334,4,D_Augment_0.5
RF,1.0,1.0,1.0,4,D_Augment_1.0
RF,0.8148148148148148,0.782608695652174,0.9611111111111111,4,D_Augment_2.0
RF,0.9629629629629629,0.96,0.9833333333333334,4,D_Augment_4.0
XGB,0.8148148148148148,0.782608695652174,0.8888888888888888,4,A_Baseline
XGB,0.8148148148148148,0.8,0.8833333333333333,4,B_Fidelity
XGB,0.9259259259259259,0.9166666666666666,0.95,4,C_Scale
XGB,0.7777777777777778,0.7272727272727273,0.9111111111111111,4,D_Augment_0.5
XGB,0.8518518518518519,0.8333333333333334,0.9722222222222223,4,D_Augment_1.0
XGB,0.8888888888888888,0.88,0.9833333333333334,4,D_Augment_2.0
XGB,0.8888888888888888,0.8695652173913043,0.9444444444444445,4,D_Augment_4.0
KNN,0.7407407407407407,0.6666666666666666,0.8944444444444444,4,A_Baseline
KNN,0.7407407407407407,0.6666666666666666,0.7472222222222222,4,B_Fidelity
KNN,0.8148148148148148,0.8,0.9,4,C_Scale
KNN,0.8148148148148148,0.7619047619047619,0.875,4,D_Augment_0.5
KNN,0.7407407407407407,0.6666666666666666,0.9111111111111112,4,D_Augment_1.0
KNN,0.7777777777777778,0.7272727272727273,0.8722222222222222,4,D_Augment_2.0
KNN,0.8888888888888888,0.88,0.9555555555555556,4,D_Augment_4.0
LR,0.8888888888888888,0.8695652173913043,0.9444444444444445,4,A_Baseline
LR,0.8518518518518519,0.8333333333333334,0.9444444444444445,4,B_Fidelity
LR,0.9259259259259259,0.9166666666666666,0.9611111111111112,4,C_Scale
LR,0.9629629629629629,0.96,0.9777777777777777,4,D_Augment_0.5
LR,0.8888888888888888,0.8888888888888888,0.9722222222222222,4,D_Augment_1.0
LR,0.8888888888888888,0.88,0.9555555555555556,4,D_Augment_2.0
LR,0.9629629629629629,0.96,0.9777777777777777,4,D_Augment_4.0
RF,1.0,1.0,1.0,5,A_Baseline
RF,0.8076923076923077,0.8275862068965517,0.9583333333333334,5,B_Fidelity
RF,0.8461538461538461,0.8461538461538461,0.9285714285714286,5,C_Scale
RF,0.9615384615384616,0.96,1.0,5,D_Augment_0.5
RF,0.9230769230769231,0.9166666666666666,0.9940476190476191,5,D_Augment_1.0
RF,0.9230769230769231,0.9166666666666666,0.9880952380952381,5,D_Augment_2.0
RF,0.8846153846153846,0.8888888888888888,0.9940476190476191,5,D_Augment_4.0
XGB,0.9615384615384616,0.96,1.0,5,A_Baseline
XGB,0.6538461538461539,0.7272727272727273,0.9404761904761905,5,B_Fidelity
XGB,0.8846153846153846,0.8888888888888888,0.9523809523809524,5,C_Scale
XGB,0.9615384615384616,0.9565217391304348,0.9940476190476191,5,D_Augment_0.5
XGB,0.8461538461538461,0.8461538461538461,0.9821428571428571,5,D_Augment_1.0
XGB,0.8846153846153846,0.88,0.9702380952380952,5,D_Augment_2.0
XGB,0.9615384615384616,0.96,0.9880952380952381,5,D_Augment_4.0
KNN,0.8846153846153846,0.8695652173913043,0.9672619047619048,5,A_Baseline
KNN,0.6153846153846154,0.6875,0.7261904761904762,5,B_Fidelity
KNN,0.7692307692307693,0.7857142857142857,0.8452380952380951,5,C_Scale
KNN,0.8846153846153846,0.8695652173913043,0.9404761904761905,5,D_Augment_0.5
KNN,0.9615384615384616,0.96,1.0,5,D_Augment_1.0
KNN,0.9230769230769231,0.9166666666666666,0.9702380952380952,5,D_Augment_2.0
KNN,0.8461538461538461,0.8333333333333334,0.9583333333333334,5,D_Augment_4.0
LR,0.8846153846153846,0.8695652173913043,0.9523809523809523,5,A_Baseline
LR,0.8076923076923077,0.8275862068965517,1.0,5,B_Fidelity
LR,0.7692307692307693,0.7857142857142857,0.9107142857142856,5,C_Scale
LR,0.8076923076923077,0.782608695652174,0.9345238095238095,5,D_Augment_0.5
LR,0.8846153846153846,0.88,0.9642857142857142,5,D_Augment_1.0
LR,0.8846153846153846,0.88,0.9523809523809523,5,D_Augment_2.0
LR,0.8461538461538461,0.8461538461538461,0.9345238095238095,5,D_Augment_4.0
RF,0.7407407407407407,0.72,0.7747252747252747,6,A_Baseline
RF,0.5555555555555556,0.625,0.5686813186813187,6,B_Fidelity
RF,0.6666666666666666,0.6896551724137931,0.7692307692307693,6,C_Scale
RF,0.7037037037037037,0.6666666666666666,0.8296703296703297,6,D_Augment_0.5
RF,0.7407407407407407,0.6956521739130435,0.7692307692307693,6,D_Augment_1.0
RF,0.5925925925925926,0.5925925925925926,0.6758241758241759,6,D_Augment_2.0
RF,0.7777777777777778,0.7692307692307693,0.7582417582417583,6,D_Augment_4.0
XGB,0.5555555555555556,0.45454545454545453,0.7472527472527473,6,A_Baseline
XGB,0.6296296296296297,0.7058823529411765,0.6840659340659341,6,B_Fidelity
XGB,0.7407407407407407,0.7878787878787878,0.8159340659340659,6,C_Scale
XGB,0.8148148148148148,0.8148148148148148,0.8131868131868132,6,D_Augment_0.5
XGB,0.6296296296296297,0.6153846153846154,0.7115384615384616,6,D_Augment_1.0
XGB,0.7037037037037037,0.7142857142857143,0.7609890109890111,6,D_Augment_2.0
XGB,0.6296296296296297,0.6428571428571429,0.7032967032967034,6,D_Augment_4.0
KNN,0.6666666666666666,0.64,0.7087912087912087,6,A_Baseline
KNN,0.37037037037037035,0.37037037037037035,0.34615384615384615,6,B_Fidelity
KNN,0.5185185185185185,0.5185185185185185,0.6043956043956044,6,C_Scale
KNN,0.7037037037037037,0.6666666666666666,0.7142857142857143,6,D_Augment_0.5
KNN,0.7407407407407407,0.6956521739130435,0.6978021978021978,6,D_Augment_1.0
KNN,0.6666666666666666,0.64,0.695054945054945,6,D_Augment_2.0
KNN,0.6296296296296297,0.5454545454545454,0.7142857142857144,6,D_Augment_4.0
LR,0.6666666666666666,0.6086956521739131,0.7967032967032968,6,A_Baseline
LR,0.6666666666666666,0.7096774193548387,0.7142857142857143,6,B_Fidelity
LR,0.7037037037037037,0.7142857142857143,0.7967032967032966,6,C_Scale
LR,0.7037037037037037,0.6363636363636364,0.7197802197802198,6,D_Augment_0.5
LR,0.7037037037037037,0.6363636363636364,0.7912087912087913,6,D_Augment_1.0
LR,0.6296296296296297,0.5833333333333334,0.7197802197802198,6,D_Augment_2.0
LR,0.7407407407407407,0.7586206896551724,0.7967032967032966,6,D_Augment_4.0
RF,0.8888888888888888,0.88,0.9120879120879122,7,A_Baseline
RF,0.8518518518518519,0.8461538461538461,0.8901098901098902,7,B_Fidelity
RF,0.8148148148148148,0.8148148148148148,0.8846153846153846,7,C_Scale
RF,0.8518518518518519,0.8333333333333334,0.9010989010989011,7,D_Augment_0.5
RF,0.8518518518518519,0.8461538461538461,0.8736263736263736,7,D_Augment_1.0
RF,0.9259259259259259,0.9166666666666666,0.8791208791208791,7,D_Augment_2.0
RF,0.6666666666666666,0.6896551724137931,0.7912087912087913,7,D_Augment_4.0
XGB,0.7777777777777778,0.75,0.9065934065934066,7,A_Baseline
XGB,0.8518518518518519,0.8461538461538461,0.8873626373626373,7,B_Fidelity
XGB,0.8148148148148148,0.782608695652174,0.9038461538461539,7,C_Scale
XGB,0.8888888888888888,0.88,0.9835164835164836,7,D_Augment_0.5
XGB,0.7037037037037037,0.6,0.9175824175824177,7,D_Augment_1.0
XGB,0.8518518518518519,0.8461538461538461,0.8708791208791209,7,D_Augment_2.0
XGB,0.8518518518518519,0.8461538461538461,0.8763736263736265,7,D_Augment_4.0
KNN,0.7777777777777778,0.7272727272727273,0.8434065934065934,7,A_Baseline
KNN,0.7407407407407407,0.7407407407407407,0.8516483516483516,7,B_Fidelity
KNN,0.7777777777777778,0.75,0.7472527472527473,7,C_Scale
KNN,0.7407407407407407,0.6666666666666666,0.9093406593406593,7,D_Augment_0.5
KNN,0.7407407407407407,0.6956521739130435,0.8076923076923077,7,D_Augment_1.0
KNN,0.7777777777777778,0.75,0.8681318681318682,7,D_Augment_2.0
KNN,0.7777777777777778,0.7272727272727273,0.8516483516483516,7,D_Augment_4.0
LR,0.8888888888888888,0.88,0.9175824175824174,7,A_Baseline
LR,0.8888888888888888,0.88,0.923076923076923,7,B_Fidelity
LR,0.8888888888888888,0.8695652173913043,0.9010989010989011,7,C_Scale
LR,0.8888888888888888,0.88,0.9395604395604396,7,D_Augment_0.5
LR,0.8888888888888888,0.88,0.9230769230769229,7,D_Augment_1.0
LR,0.8888888888888888,0.88,0.9505494505494505,7,D_Augment_2.0
LR,0.8888888888888888,0.88,0.9285714285714286,7,D_Augment_4.0
RF,0.8888888888888888,0.88,0.8846153846153847,8,A_Baseline
RF,0.7777777777777778,0.7692307692307693,0.8021978021978022,8,B_Fidelity
RF,0.7037037037037037,0.7333333333333333,0.8956043956043955,8,C_Scale
RF,0.7777777777777778,0.7857142857142857,0.8516483516483516,8,D_Augment_0.5
RF,0.8518518518518519,0.8461538461538461,0.8901098901098902,8,D_Augment_1.0
RF,0.8148148148148148,0.8,0.9010989010989011,8,D_Augment_2.0
RF,0.8518518518518519,0.8461538461538461,0.9230769230769231,8,D_Augment_4.0
XGB,0.7777777777777778,0.7857142857142857,0.8626373626373626,8,A_Baseline
XGB,0.7407407407407407,0.72,0.8846153846153846,8,B_Fidelity
XGB,0.6666666666666666,0.7096774193548387,0.8214285714285715,8,C_Scale
XGB,0.8518518518518519,0.8333333333333334,0.9010989010989011,8,D_Augment_0.5
XGB,0.7407407407407407,0.7407407407407407,0.8846153846153846,8,D_Augment_1.0
XGB,0.7037037037037037,0.6666666666666666,0.8681318681318682,8,D_Augment_2.0
XGB,0.8518518518518519,0.8571428571428571,0.9230769230769231,8,D_Augment_4.0
KNN,0.7407407407407407,0.7407407407407407,0.8214285714285714,8,A_Baseline
KNN,0.7407407407407407,0.7586206896551724,0.7637362637362637,8,B_Fidelity
KNN,0.7407407407407407,0.7586206896551724,0.8241758241758242,8,C_Scale
KNN,0.7777777777777778,0.7692307692307693,0.8296703296703297,8,D_Augment_0.5
KNN,0.7407407407407407,0.72,0.7692307692307692,8,D_Augment_1.0
KNN,0.7407407407407407,0.7407407407407407,0.8434065934065935,8,D_Augment_2.0
KNN,0.8148148148148148,0.782608695652174,0.8214285714285714,8,D_Augment_4.0
LR,0.7407407407407407,0.7586206896551724,0.8296703296703297,8,A_Baseline
LR,0.8518518518518519,0.8571428571428571,0.8571428571428572,8,B_Fidelity
LR,0.8148148148148148,0.8275862068965517,0.8736263736263736,8,C_Scale
LR,0.7777777777777778,0.7857142857142857,0.8076923076923076,8,D_Augment_0.5
LR,0.8148148148148148,0.8275862068965517,0.8571428571428572,8,D_Augment_1.0
LR,0.7777777777777778,0.8,0.8571428571428571,8,D_Augment_2.0
LR,0.8148148148148148,0.8148148148148148,0.8681318681318682,8,D_Augment_4.0
RF,0.8518518518518519,0.8181818181818182,0.9166666666666666,9,A_Baseline
RF,0.7407407407407407,0.631578947368421,0.8555555555555556,9,B_Fidelity
RF,0.6296296296296297,0.5454545454545454,0.7611111111111111,9,C_Scale
RF,0.7777777777777778,0.7272727272727273,0.9333333333333333,9,D_Augment_0.5
RF,0.8888888888888888,0.8571428571428571,0.9277777777777778,9,D_Augment_1.0
RF,0.7407407407407407,0.6956521739130435,0.85,9,D_Augment_2.0
RF,0.8518518518518519,0.8333333333333334,0.9333333333333333,9,D_Augment_4.0
XGB,0.8518518518518519,0.8181818181818182,0.8999999999999999,9,A_Baseline
XGB,0.7777777777777778,0.7,0.8222222222222222,9,B_Fidelity
XGB,0.5555555555555556,0.4,0.7166666666666667,9,C_Scale
XGB,0.7407407407407407,0.72,0.8944444444444445,9,D_Augment_0.5
XGB,0.8148148148148148,0.8,0.8666666666666667,9,D_Augment_1.0
XGB,0.7407407407407407,0.72,0.8472222222222223,9,D_Augment_2.0
XGB,0.6666666666666666,0.6086956521739131,0.8166666666666667,9,D_Augment_4.0
KNN,0.8518518518518519,0.8181818181818182,0.913888888888889,9,A_Baseline
KNN,0.6666666666666666,0.5714285714285714,0.7055555555555556,9,B_Fidelity
KNN,0.6296296296296297,0.5454545454545454,0.6833333333333333,9,C_Scale
KNN,0.8518518518518519,0.8181818181818182,0.8944444444444445,9,D_Augment_0.5
KNN,0.8148148148148148,0.782608695652174,0.8722222222222222,9,D_Augment_1.0
KNN,0.7777777777777778,0.7692307692307693,0.8944444444444445,9,D_Augment_2.0
KNN,0.7407407407407407,0.72,0.8166666666666667,9,D_Augment_4.0
LR,0.7407407407407407,0.6956521739130435,0.8888888888888888,9,A_Baseline
LR,0.8518518518518519,0.8,0.8111111111111112,9,B_Fidelity
LR,0.7407407407407407,0.6956521739130435,0.7611111111111111,9,C_Scale
LR,0.8888888888888888,0.8695652173913043,0.9,9,D_Augment_0.5
LR,0.8148148148148148,0.7619047619047619,0.8722222222222222,9,D_Augment_1.0
LR,0.7777777777777778,0.75,0.8666666666666667,9,D_Augment_2.0
LR,0.7777777777777778,0.75,0.8555555555555555,9,D_Augment_4.0
RF,0.8846153846153846,0.88,0.9702380952380952,10,A_Baseline
RF,0.7692307692307693,0.8,0.9226190476190476,10,B_Fidelity
RF,0.8461538461538461,0.8,1.0,10,C_Scale
RF,0.8846153846153846,0.88,0.9345238095238094,10,D_Augment_0.5
RF,0.9230769230769231,0.9166666666666666,0.9880952380952381,10,D_Augment_1.0
RF,0.9615384615384616,0.96,1.0,10,D_Augment_2.0
RF,0.9615384615384616,0.96,0.9880952380952381,10,D_Augment_4.0
XGB,0.8846153846153846,0.88,0.9494047619047619,10,A_Baseline
XGB,0.8076923076923077,0.8148148148148148,0.9226190476190477,10,B_Fidelity
XGB,0.8076923076923077,0.7619047619047619,0.9166666666666666,10,C_Scale
XGB,0.8846153846153846,0.88,0.9702380952380953,10,D_Augment_0.5
XGB,0.8846153846153846,0.8888888888888888,0.9047619047619048,10,D_Augment_1.0
XGB,1.0,1.0,1.0,10,D_Augment_2.0
XGB,1.0,1.0,1.0,10,D_Augment_4.0
KNN,0.9615384615384616,0.96,1.0,10,A_Baseline
KNN,0.8846153846153846,0.88,0.886904761904762,10,B_Fidelity
KNN,0.8461538461538461,0.8333333333333334,0.9047619047619048,10,C_Scale
KNN,0.8076923076923077,0.782608695652174,0.9107142857142856,10,D_Augment_0.5
KNN,0.8461538461538461,0.8333333333333334,0.9166666666666667,10,D_Augment_1.0
KNN,0.7307692307692307,0.72,0.8422619047619047,10,D_Augment_2.0
KNN,0.8076923076923077,0.8148148148148148,0.9047619047619048,10,D_Augment_4.0
LR,0.9230769230769231,0.9230769230769231,0.9940476190476191,10,A_Baseline
LR,0.9230769230769231,0.9230769230769231,0.9761904761904763,10,B_Fidelity
LR,0.8846153846153846,0.88,0.9821428571428572,10,C_Scale
LR,0.9230769230769231,0.9230769230769231,1.0,10,D_Augment_0.5
LR,0.8461538461538461,0.8461538461538461,0.9702380952380952,10,D_Augment_1.0
LR,0.9230769230769231,0.9166666666666666,0.9880952380952381,10,D_Augment_2.0
LR,0.9230769230769231,0.9166666666666666,0.9880952380952381,10,D_Augment_4.0
RF,0.9259259259259259,0.9230769230769231,0.9450549450549451,11,A_Baseline
RF,0.8518518518518519,0.8461538461538461,0.8681318681318682,11,B_Fidelity
RF,0.7037037037037037,0.75,0.9148351648351649,11,C_Scale
RF,0.8888888888888888,0.8888888888888888,0.9505494505494506,11,D_Augment_0.5
RF,0.8888888888888888,0.88,0.9065934065934066,11,D_Augment_1.0
RF,0.8148148148148148,0.782608695652174,0.9120879120879121,11,D_Augment_2.0
RF,0.8518518518518519,0.8571428571428571,0.9285714285714285,11,D_Augment_4.0
XGB,0.8888888888888888,0.8888888888888888,0.956043956043956,11,A_Baseline
XGB,0.8518518518518519,0.8333333333333334,0.8956043956043956,11,B_Fidelity
XGB,0.7407407407407407,0.7586206896551724,0.9120879120879121,11,C_Scale
XGB,0.8888888888888888,0.8888888888888888,0.9065934065934066,11,D_Augment_0.5
XGB,0.8888888888888888,0.8888888888888888,0.9120879120879122,11,D_Augment_1.0
XGB,0.8518518518518519,0.8666666666666667,0.9313186813186813,11,D_Augment_2.0
XGB,0.9259259259259259,0.9230769230769231,0.9835164835164835,11,D_Augment_4.0
KNN,0.8518518518518519,0.8461538461538461,0.8708791208791209,11,A_Baseline
KNN,0.7037037037037037,0.6666666666666666,0.7912087912087913,11,B_Fidelity
KNN,0.7037037037037037,0.7333333333333333,0.8406593406593407,11,C_Scale
KNN,0.7777777777777778,0.7692307692307693,0.8461538461538463,11,D_Augment_0.5
KNN,0.7407407407407407,0.7407407407407407,0.8516483516483517,11,D_Augment_1.0
KNN,0.8518518518518519,0.8461538461538461,0.8928571428571428,11,D_Augment_2.0
KNN,0.7407407407407407,0.7407407407407407,0.8324175824175825,11,D_Augment_4.0
LR,0.8888888888888888,0.88,0.9285714285714286,11,A_Baseline
LR,0.8518518518518519,0.8333333333333334,0.9065934065934066,11,B_Fidelity
LR,0.8888888888888888,0.8888888888888888,0.9615384615384616,11,C_Scale
LR,0.8888888888888888,0.88,0.9285714285714286,11,D_Augment_0.5
LR,0.8518518518518519,0.8461538461538461,0.934065934065934,11,D_Augment_1.0
LR,0.8888888888888888,0.8888888888888888,0.945054945054945,11,D_Augment_2.0
LR,0.8518518518518519,0.8461538461538461,0.945054945054945,11,D_Augment_4.0
RF,0.7777777777777778,0.7692307692307693,0.8763736263736264,12,A_Baseline
RF,0.7407407407407407,0.7407407407407407,0.7747252747252749,12,B_Fidelity
RF,0.8148148148148148,0.782608695652174,0.9285714285714286,12,C_Scale
RF,0.8518518518518519,0.8333333333333334,0.8846153846153846,12,D_Augment_0.5
RF,0.8888888888888888,0.88,0.9258241758241759,12,D_Augment_1.0
RF,0.7777777777777778,0.7692307692307693,0.8956043956043956,12,D_Augment_2.0
RF,0.8518518518518519,0.8333333333333334,0.9230769230769231,12,D_Augment_4.0
XGB,0.8518518518518519,0.8461538461538461,0.8681318681318682,12,A_Baseline
XGB,0.48148148148148145,0.5,0.6538461538461537,12,B_Fidelity
XGB,0.8518518518518519,0.8181818181818182,0.9010989010989012,12,C_Scale
XGB,0.8888888888888888,0.88,0.8846153846153847,12,D_Augment_0.5
XGB,0.8888888888888888,0.88,0.9285714285714286,12,D_Augment_1.0
XGB,0.8518518518518519,0.8181818181818182,0.8791208791208791,12,D_Augment_2.0
XGB,0.8518518518518519,0.8181818181818182,0.901098901098901,12,D_Augment_4.0
KNN,0.8518518518518519,0.8461538461538461,0.9203296703296704,12,A_Baseline
KNN,0.6296296296296297,0.6666666666666666,0.7472527472527474,12,B_Fidelity
KNN,0.9259259259259259,0.9166666666666666,0.9615384615384615,12,C_Scale
KNN,0.7777777777777778,0.7857142857142857,0.8736263736263736,12,D_Augment_0.5
KNN,0.7037037037037037,0.6923076923076923,0.8571428571428572,12,D_Augment_1.0
KNN,0.6296296296296297,0.5833333333333334,0.7857142857142856,12,D_Augment_2.0
KNN,0.8518518518518519,0.8333333333333334,0.945054945054945,12,D_Augment_4.0
LR,0.8148148148148148,0.8148148148148148,0.9065934065934066,12,A_Baseline
LR,0.7777777777777778,0.75,0.8626373626373627,12,B_Fidelity
LR,0.8518518518518519,0.8181818181818182,0.9175824175824177,12,C_Scale
LR,0.8518518518518519,0.8571428571428571,0.9120879120879121,12,D_Augment_0.5
LR,0.8148148148148148,0.7619047619047619,0.9285714285714285,12,D_Augment_1.0
LR,0.8148148148148148,0.8,0.912087912087912,12,D_Augment_2.0
LR,0.8888888888888888,0.8695652173913043,0.967032967032967,12,D_Augment_4.0
RF,0.8518518518518519,0.8461538461538461,0.8324175824175825,13,A_Baseline
RF,0.48148148148148145,0.46153846153846156,0.6043956043956044,13,B_Fidelity
RF,0.6296296296296297,0.5454545454545454,0.7142857142857143,13,C_Scale
RF,0.8518518518518519,0.8461538461538461,0.8296703296703297,13,D_Augment_0.5
RF,0.7037037037037037,0.6666666666666666,0.7692307692307692,13,D_Augment_1.0
RF,0.7407407407407407,0.6956521739130435,0.8681318681318682,13,D_Augment_2.0
RF,0.7407407407407407,0.72,0.771978021978022,13,D_Augment_4.0
XGB,0.7777777777777778,0.75,0.8351648351648351,13,A_Baseline
XGB,0.5555555555555556,0.5384615384615384,0.6428571428571429,13,B_Fidelity
XGB,0.7407407407407407,0.6956521739130435,0.7912087912087913,13,C_Scale
XGB,0.7037037037037037,0.6666666666666666,0.7939560439560439,13,D_Augment_0.5
XGB,0.7777777777777778,0.7692307692307693,0.8626373626373626,13,D_Augment_1.0
XGB,0.7037037037037037,0.6363636363636364,0.7527472527472526,13,D_Augment_2.0
XGB,0.6296296296296297,0.5,0.7692307692307692,13,D_Augment_4.0
KNN,0.7037037037037037,0.6666666666666666,0.8131868131868133,13,A_Baseline
KNN,0.48148148148148145,0.46153846153846156,0.5274725274725275,13,B_Fidelity
KNN,0.6666666666666666,0.5714285714285714,0.7142857142857144,13,C_Scale
KNN,0.7777777777777778,0.75,0.7609890109890111,13,D_Augment_0.5
KNN,0.7037037037037037,0.6666666666666666,0.760989010989011,13,D_Augment_1.0
KNN,0.6666666666666666,0.6086956521739131,0.7802197802197802,13,D_Augment_2.0
KNN,0.6666666666666666,0.64,0.7582417582417583,13,D_Augment_4.0
LR,0.7407407407407407,0.7407407407407407,0.8076923076923077,13,A_Baseline
LR,0.7407407407407407,0.6956521739130435,0.6868131868131869,13,B_Fidelity
LR,0.7037037037037037,0.6363636363636364,0.7472527472527473,13,C_Scale
LR,0.8148148148148148,0.8148148148148148,0.8186813186813187,13,D_Augment_0.5
LR,0.8148148148148148,0.8148148148148148,0.7582417582417582,13,D_Augment_1.0
LR,0.7407407407407407,0.72,0.8186813186813187,13,D_Augment_2.0
LR,0.7037037037037037,0.6666666666666666,0.7747252747252747,13,D_Augment_4.0
RF,0.7777777777777778,0.75,0.8944444444444444,14,A_Baseline
RF,0.5925925925925926,0.6451612903225806,0.6888888888888889,14,B_Fidelity
RF,0.7037037037037037,0.6923076923076923,0.7944444444444445,14,C_Scale
RF,0.8888888888888888,0.88,0.9305555555555555,14,D_Augment_0.5
RF,0.7037037037037037,0.6666666666666666,0.8444444444444444,14,D_Augment_1.0
RF,0.7777777777777778,0.7857142857142857,0.8833333333333333,14,D_Augment_2.0
RF,0.7407407407407407,0.6956521739130435,0.8055555555555556,14,D_Augment_4.0
XGB,0.7037037037037037,0.6666666666666666,0.8055555555555556,14,A_Baseline
XGB,0.4074074074074074,0.5294117647058824,0.6166666666666667,14,B_Fidelity
XGB,0.6296296296296297,0.6666666666666666,0.7666666666666666,14,C_Scale
XGB,0.7407407407407407,0.72,0.8111111111111111,14,D_Augment_0.5
XGB,0.8148148148148148,0.8148148148148148,0.8638888888888889,14,D_Augment_1.0
XGB,0.7407407407407407,0.6956521739130435,0.7805555555555556,14,D_Augment_2.0
XGB,0.6666666666666666,0.6896551724137931,0.8138888888888889,14,D_Augment_4.0
KNN,0.8518518518518519,0.8181818181818182,0.888888888888889,14,A_Baseline
KNN,0.4074074074074074,0.4666666666666667,0.5277777777777778,14,B_Fidelity
KNN,0.7037037037037037,0.6923076923076923,0.7555555555555555,14,C_Scale
KNN,0.8888888888888888,0.8695652173913043,0.9222222222222223,14,D_Augment_0.5
KNN,0.8518518518518519,0.8181818181818182,0.9,14,D_Augment_1.0
KNN,0.6666666666666666,0.6666666666666666,0.7944444444444445,14,D_Augment_2.0
KNN,0.5185185185185185,0.5185185185185185,0.625,14,D_Augment_4.0
LR,0.8148148148148148,0.782608695652174,0.8833333333333334,14,A_Baseline
LR,0.7037037037037037,0.7142857142857143,0.7500000000000001,14,B_Fidelity
LR,0.8148148148148148,0.8,0.8833333333333334,14,C_Scale
LR,0.8888888888888888,0.88,0.9111111111111111,14,D_Augment_0.5
LR,0.8518518518518519,0.8461538461538461,0.8722222222222222,14,D_Augment_1.0
LR,0.8518518518518519,0.8333333333333334,0.9,14,D_Augment_2.0
LR,0.8148148148148148,0.8,0.9055555555555556,14,D_Augment_4.0
RF,0.8846153846153846,0.8695652173913043,0.9523809523809523,15,A_Baseline
RF,0.8461538461538461,0.8333333333333334,0.9553571428571429,15,B_Fidelity
RF,0.8461538461538461,0.8181818181818182,0.9226190476190476,15,C_Scale
RF,0.9230769230769231,0.9090909090909091,0.9345238095238094,15,D_Augment_0.5
RF,0.8846153846153846,0.8695652173913043,0.9642857142857143,15,D_Augment_1.0
RF,0.8076923076923077,0.7619047619047619,0.8809523809523809,15,D_Augment_2.0
RF,0.9230769230769231,0.9166666666666666,0.9583333333333333,15,D_Augment_4.0
XGB,0.8846153846153846,0.8695652173913043,0.9464285714285714,15,A_Baseline
XGB,0.9230769230769231,0.9090909090909091,0.8928571428571429,15,B_Fidelity
XGB,0.8846153846153846,0.8695652173913043,0.9375,15,C_Scale
XGB,0.8846153846153846,0.8695652173913043,0.9285714285714285,15,D_Augment_0.5
XGB,0.8076923076923077,0.782608695652174,0.9226190476190477,15,D_Augment_1.0
XGB,0.8076923076923077,0.8,0.931547619047619,15,D_Augment_2.0
XGB,0.8846153846153846,0.8695652173913043,0.9464285714285714,15,D_Augment_4.0
KNN,0.8076923076923077,0.7619047619047619,0.9107142857142857,15,A_Baseline
KNN,0.7692307692307693,0.7272727272727273,0.8154761904761906,15,B_Fidelity
KNN,0.8461538461538461,0.8,0.988095238095238,15,C_Scale
KNN,0.7307692307692307,0.6666666666666666,0.7172619047619047,15,D_Augment_0.5
KNN,0.6153846153846154,0.6153846153846154,0.6785714285714286,15,D_Augment_1.0
KNN,0.7307692307692307,0.6956521739130435,0.7559523809523809,15,D_Augment_2.0
KNN,0.7307692307692307,0.631578947368421,0.7559523809523809,15,D_Augment_4.0
LR,0.8461538461538461,0.8181818181818182,0.9345238095238094,15,A_Baseline
LR,0.8461538461538461,0.8333333333333334,0.8511904761904762,15,B_Fidelity
LR,0.7692307692307693,0.7272727272727273,0.8333333333333333,15,C_Scale
LR,0.9230769230769231,0.9090909090909091,0.9642857142857142,15,D_Augment_0.5
LR,0.7692307692307693,0.7,0.9047619047619047,15,D_Augment_1.0
LR,0.8461538461538461,0.8181818181818182,0.9047619047619047,15,D_Augment_2.0
LR,0.8076923076923077,0.782608695652174,0.863095238095238,15,D_Augment_4.0
RF,0.8518518518518519,0.8181818181818182,0.9835164835164835,16,A_Baseline
RF,0.7777777777777778,0.75,0.8186813186813187,16,B_Fidelity
RF,0.8518518518518519,0.8333333333333334,0.9285714285714286,16,C_Scale
RF,0.7777777777777778,0.7272727272727273,0.8763736263736265,16,D_Augment_0.5
RF,0.8148148148148148,0.8,0.9175824175824177,16,D_Augment_1.0
RF,0.8148148148148148,0.782608695652174,0.9340659340659341,16,D_Augment_2.0
RF,0.8518518518518519,0.8461538461538461,0.9285714285714286,16,D_Augment_4.0
XGB,0.7037037037037037,0.5555555555555556,0.967032967032967,16,A_Baseline
XGB,0.8518518518518519,0.8333333333333334,0.912087912087912,16,B_Fidelity
XGB,0.8518518518518519,0.8181818181818182,0.9258241758241759,16,C_Scale
XGB,0.8148148148148148,0.7619047619047619,0.9835164835164836,16,D_Augment_0.5
XGB,0.8518518518518519,0.8181818181818182,0.9285714285714285,16,D_Augment_1.0
XGB,0.8518518518518519,0.8181818181818182,0.9615384615384616,16,D_Augment_2.0
XGB,0.7777777777777778,0.7,0.9670329670329669,16,D_Augment_4.0
KNN,0.7407407407407407,0.631578947368421,0.8681318681318682,16,A_Baseline
KNN,0.7777777777777778,0.7692307692307693,0.7527472527472527,16,B_Fidelity
KNN,0.8518518518518519,0.8181818181818182,0.9010989010989011,16,C_Scale
KNN,0.7407407407407407,0.631578947368421,0.9450549450549451,16,D_Augment_0.5
KNN,0.8148148148148148,0.7619047619047619,0.8434065934065934,16,D_Augment_1.0
KNN,0.7037037037037037,0.6363636363636364,0.8324175824175823,16,D_Augment_2.0
KNN,0.7777777777777778,0.7272727272727273,0.7857142857142858,16,D_Augment_4.0
LR,0.8148148148148148,0.7619047619047619,0.9505494505494505,16,A_Baseline
LR,0.7777777777777778,0.7272727272727273,0.8516483516483517,16,B_Fidelity
LR,0.8148148148148148,0.7619047619047619,0.9835164835164835,16,C_Scale
LR,0.8148148148148148,0.7619047619047619,0.9285714285714286,16,D_Augment_0.5
LR,0.7777777777777778,0.7,0.8901098901098901,16,D_Augment_1.0
LR,0.7777777777777778,0.7272727272727273,0.9285714285714286,16,D_Augment_2.0
LR,0.7037037037037037,0.5555555555555556,0.8846153846153846,16,D_Augment_4.0
RF,0.7777777777777778,0.7692307692307693,0.8351648351648352,17,A_Baseline
RF,0.7777777777777778,0.7692307692307693,0.7747252747252747,17,B_Fidelity
RF,0.7777777777777778,0.7692307692307693,0.8846153846153846,17,C_Scale
RF,0.7777777777777778,0.7857142857142857,0.8159340659340659,17,D_Augment_0.5
RF,0.7777777777777778,0.7692307692307693,0.8791208791208791,17,D_Augment_1.0
RF,0.8518518518518519,0.8461538461538461,0.8983516483516484,17,D_Augment_2.0
RF,0.7407407407407407,0.7586206896551724,0.8626373626373627,17,D_Augment_4.0
XGB,0.7777777777777778,0.7692307692307693,0.8131868131868132,17,A_Baseline
XGB,0.6666666666666666,0.6666666666666666,0.7857142857142858,17,B_Fidelity
XGB,0.7407407407407407,0.72,0.8076923076923077,17,C_Scale
XGB,0.7777777777777778,0.7692307692307693,0.8296703296703297,17,D_Augment_0.5
XGB,0.7777777777777778,0.7692307692307693,0.7994505494505495,17,D_Augment_1.0
XGB,0.7037037037037037,0.6666666666666666,0.782967032967033,17,D_Augment_2.0
XGB,0.8148148148148148,0.8275862068965517,0.8736263736263736,17,D_Augment_4.0
KNN,0.8148148148148148,0.8,0.8791208791208792,17,A_Baseline
KNN,0.6296296296296297,0.6875,0.6648351648351649,17,B_Fidelity
KNN,0.6296296296296297,0.6153846153846154,0.7142857142857143,17,C_Scale
KNN,0.7407407407407407,0.7407407407407407,0.7527472527472527,17,D_Augment_0.5
KNN,0.7777777777777778,0.75,0.8269230769230769,17,D_Augment_1.0
KNN,0.8518518518518519,0.8461538461538461,0.9120879120879121,17,D_Augment_2.0
KNN,0.8148148148148148,0.8148148148148148,0.7774725274725275,17,D_Augment_4.0
LR,0.8148148148148148,0.8148148148148148,0.8626373626373627,17,A_Baseline
LR,0.7407407407407407,0.7407407407407407,0.8076923076923077,17,B_Fidelity
LR,0.7407407407407407,0.6956521739130435,0.8571428571428572,17,C_Scale
LR,0.7777777777777778,0.7692307692307693,0.8571428571428571,17,D_Augment_0.5
LR,0.8148148148148148,0.8148148148148148,0.8626373626373627,17,D_Augment_1.0
LR,0.8518518518518519,0.8571428571428571,0.8351648351648352,17,D_Augment_2.0
LR,0.8888888888888888,0.8888888888888888,0.8956043956043956,17,D_Augment_4.0
RF,0.8888888888888888,0.896551724137931,0.9807692307692308,18,A_Baseline
RF,0.7777777777777778,0.7857142857142857,0.8736263736263736,18,B_Fidelity
RF,0.7407407407407407,0.72,0.8296703296703297,18,C_Scale
RF,0.9259259259259259,0.9285714285714286,0.9505494505494506,18,D_Augment_0.5
RF,0.8518518518518519,0.8666666666666667,0.9505494505494506,18,D_Augment_1.0
RF,0.8888888888888888,0.8888888888888888,0.9725274725274725,18,D_Augment_2.0
RF,0.8148148148148148,0.8275862068965517,0.8406593406593407,18,D_Augment_4.0
XGB,0.8148148148148148,0.8275862068965517,0.9615384615384616,18,A_Baseline
XGB,0.7407407407407407,0.7741935483870968,0.9175824175824177,18,B_Fidelity
XGB,0.6666666666666666,0.6666666666666666,0.7747252747252747,18,C_Scale
XGB,0.8888888888888888,0.896551724137931,0.9120879120879122,18,D_Augment_0.5
XGB,0.8148148148148148,0.8387096774193549,0.9285714285714286,18,D_Augment_1.0
XGB,0.7777777777777778,0.7857142857142857,0.7912087912087913,18,D_Augment_2.0
XGB,0.7777777777777778,0.7692307692307693,0.8626373626373626,18,D_Augment_4.0
KNN,0.8148148148148148,0.8275862068965517,0.8681318681318682,18,A_Baseline
KNN,0.6296296296296297,0.7058823529411765,0.6648351648351648,18,B_Fidelity
KNN,0.7777777777777778,0.8,0.8516483516483516,18,C_Scale
KNN,0.8518518518518519,0.8571428571428571,0.8818681318681318,18,D_Augment_0.5
KNN,0.8148148148148148,0.8,0.9203296703296703,18,D_Augment_1.0
KNN,0.7777777777777778,0.7857142857142857,0.9065934065934066,18,D_Augment_2.0
KNN,0.7777777777777778,0.7857142857142857,0.8351648351648352,18,D_Augment_4.0
LR,0.8888888888888888,0.896551724137931,0.9505494505494505,18,A_Baseline
LR,0.7777777777777778,0.8125,0.9505494505494505,18,B_Fidelity
LR,0.8888888888888888,0.8888888888888888,0.9065934065934066,18,C_Scale
LR,0.8518518518518519,0.8571428571428571,0.9340659340659341,18,D_Augment_0.5
LR,0.8888888888888888,0.896551724137931,0.9285714285714286,18,D_Augment_1.0
LR,0.8888888888888888,0.8888888888888888,0.9010989010989011,18,D_Augment_2.0
LR,0.8518518518518519,0.8571428571428571,0.945054945054945,18,D_Augment_4.0
RF,0.8148148148148148,0.8,0.9500000000000001,19,A_Baseline
RF,0.7037037037037037,0.6363636363636364,0.7833333333333333,19,B_Fidelity
RF,0.6296296296296297,0.6875,0.8777777777777778,19,C_Scale
RF,0.8518518518518519,0.8461538461538461,0.9472222222222223,19,D_Augment_0.5
RF,0.7407407407407407,0.7586206896551724,0.8944444444444444,19,D_Augment_1.0
RF,0.8148148148148148,0.8148148148148148,0.9111111111111111,19,D_Augment_2.0
RF,0.7037037037037037,0.6923076923076923,0.8666666666666667,19,D_Augment_4.0
XGB,0.8518518518518519,0.8,0.9333333333333333,19,A_Baseline
XGB,0.8148148148148148,0.7368421052631579,0.85,19,B_Fidelity
XGB,0.7407407407407407,0.7586206896551724,0.7833333333333333,19,C_Scale
XGB,0.7407407407407407,0.7586206896551724,0.8722222222222222,19,D_Augment_0.5
XGB,0.7777777777777778,0.75,0.85,19,D_Augment_1.0
XGB,0.8148148148148148,0.782608695652174,0.9027777777777779,19,D_Augment_2.0
XGB,0.8148148148148148,0.782608695652174,0.8777777777777778,19,D_Augment_4.0
KNN,0.7037037037037037,0.7142857142857143,0.8777777777777778,19,A_Baseline
KNN,0.5925925925925926,0.47619047619047616,0.6027777777777779,19,B_Fidelity
KNN,0.6296296296296297,0.6153846153846154,0.6944444444444444,19,C_Scale
KNN,0.7407407407407407,0.72,0.8416666666666666,19,D_Augment_0.5
KNN,0.7037037037037037,0.7142857142857143,0.8666666666666667,19,D_Augment_1.0
KNN,0.8148148148148148,0.8148148148148148,0.8444444444444444,19,D_Augment_2.0
KNN,0.6666666666666666,0.64,0.7777777777777778,19,D_Augment_4.0
LR,0.8148148148148148,0.8148148148148148,0.9166666666666666,19,A_Baseline
LR,0.8148148148148148,0.8,0.8277777777777778,19,B_Fidelity
LR,0.7407407407407407,0.7407407407407407,0.8777777777777778,19,C_Scale
LR,0.8148148148148148,0.782608695652174,0.9055555555555556,19,D_Augment_0.5
LR,0.7777777777777778,0.7692307692307693,0.9055555555555557,19,D_Augment_1.0
LR,0.8148148148148148,0.8,0.9055555555555556,19,D_Augment_2.0
LR,0.8518518518518519,0.8333333333333334,0.9166666666666667,19,D_Augment_4.0
RF,0.8076923076923077,0.782608695652174,0.8273809523809523,20,A_Baseline
RF,0.8076923076923077,0.8,0.8690476190476191,20,B_Fidelity
RF,0.8461538461538461,0.8181818181818182,0.7678571428571429,20,C_Scale
RF,0.8461538461538461,0.8181818181818182,0.8273809523809524,20,D_Augment_0.5
RF,0.8461538461538461,0.8181818181818182,0.8928571428571428,20,D_Augment_1.0
RF,0.8461538461538461,0.8181818181818182,0.8630952380952381,20,D_Augment_2.0
RF,0.8076923076923077,0.782608695652174,0.8095238095238095,20,D_Augment_4.0
XGB,0.8076923076923077,0.782608695652174,0.8154761904761905,20,A_Baseline
XGB,0.8846153846153846,0.8888888888888888,0.9404761904761905,20,B_Fidelity
XGB,0.7307692307692307,0.72,0.8035714285714287,20,C_Scale
XGB,0.7692307692307693,0.7272727272727273,0.7857142857142856,20,D_Augment_0.5
XGB,0.7692307692307693,0.75,0.8273809523809523,20,D_Augment_1.0
XGB,0.7692307692307693,0.75,0.7619047619047619,20,D_Augment_2.0
XGB,0.8076923076923077,0.782608695652174,0.8601190476190476,20,D_Augment_4.0
KNN,0.8461538461538461,0.8,0.8511904761904762,20,A_Baseline
KNN,0.8461538461538461,0.8461538461538461,0.8928571428571428,20,B_Fidelity
KNN,0.7692307692307693,0.75,0.8571428571428572,20,C_Scale
KNN,0.8076923076923077,0.7368421052631579,0.7827380952380951,20,D_Augment_0.5
KNN,0.8461538461538461,0.8181818181818182,0.8482142857142856,20,D_Augment_1.0
KNN,0.7307692307692307,0.6666666666666666,0.7291666666666665,20,D_Augment_2.0
KNN,0.7692307692307693,0.7272727272727273,0.8005952380952381,20,D_Augment_4.0
LR,0.6923076923076923,0.6363636363636364,0.8095238095238094,20,A_Baseline
LR,0.7307692307692307,0.6956521739130435,0.875,20,B_Fidelity
LR,0.7692307692307693,0.75,0.8511904761904762,20,C_Scale
LR,0.6923076923076923,0.6666666666666666,0.8154761904761905,20,D_Augment_0.5
LR,0.7307692307692307,0.6956521739130435,0.8511904761904762,20,D_Augment_1.0
LR,0.7692307692307693,0.7,0.875,20,D_Augment_2.0
LR,0.7692307692307693,0.7272727272727273,0.863095238095238,20,D_Augment_4.0
RF,0.8518518518518519,0.8666666666666667,0.8983516483516484,21,A_Baseline
RF,0.9259259259259259,0.9285714285714286,0.9010989010989011,21,B_Fidelity
RF,0.8518518518518519,0.8666666666666667,0.967032967032967,21,C_Scale
RF,0.8518518518518519,0.8666666666666667,0.9175824175824177,21,D_Augment_0.5
RF,0.8148148148148148,0.8275862068965517,0.9285714285714285,21,D_Augment_1.0
RF,0.8148148148148148,0.8275862068965517,0.923076923076923,21,D_Augment_2.0
RF,0.7777777777777778,0.8,0.9285714285714285,21,D_Augment_4.0
XGB,0.8518518518518519,0.8666666666666667,0.9313186813186813,21,A_Baseline
XGB,0.7407407407407407,0.7586206896551724,0.8983516483516484,21,B_Fidelity
XGB,0.9259259259259259,0.9285714285714286,0.9450549450549451,21,C_Scale
XGB,0.8518518518518519,0.8666666666666667,0.9093406593406594,21,D_Augment_0.5
XGB,0.8148148148148148,0.8387096774193549,0.8626373626373626,21,D_Augment_1.0
XGB,0.8518518518518519,0.8571428571428571,0.8736263736263736,21,D_Augment_2.0
XGB,0.8888888888888888,0.8888888888888888,0.9450549450549451,21,D_Augment_4.0
KNN,0.8148148148148148,0.8,0.9395604395604394,21,A_Baseline
KNN,0.6296296296296297,0.6666666666666666,0.7554945054945056,21,B_Fidelity
KNN,0.7407407407407407,0.7407407407407407,0.8901098901098901,21,C_Scale
KNN,0.8148148148148148,0.8275862068965517,0.9340659340659341,21,D_Augment_0.5
KNN,0.6666666666666666,0.6086956521739131,0.8516483516483516,21,D_Augment_1.0
KNN,0.7407407407407407,0.7407407407407407,0.8406593406593407,21,D_Augment_2.0
KNN,0.8148148148148148,0.8275862068965517,0.9120879120879121,21,D_Augment_4.0
LR,0.8888888888888888,0.896551724137931,0.923076923076923,21,A_Baseline
LR,0.8888888888888888,0.896551724137931,0.9340659340659341,21,B_Fidelity
LR,0.8518518518518519,0.8571428571428571,0.9395604395604396,21,C_Scale
LR,0.8518518518518519,0.8666666666666667,0.9340659340659341,21,D_Augment_0.5
LR,0.8888888888888888,0.896551724137931,0.9010989010989011,21,D_Augment_1.0
LR,0.8888888888888888,0.896551724137931,0.967032967032967,21,D_Augment_2.0
LR,0.8888888888888888,0.896551724137931,0.945054945054945,21,D_Augment_4.0
RF,0.8518518518518519,0.8333333333333334,0.9010989010989011,22,A_Baseline
RF,0.7777777777777778,0.75,0.8351648351648351,22,B_Fidelity
RF,0.7777777777777778,0.75,0.8791208791208791,22,C_Scale
RF,0.8148148148148148,0.8,0.901098901098901,22,D_Augment_0.5
RF,0.8888888888888888,0.8888888888888888,0.9120879120879122,22,D_Augment_1.0
RF,0.8518518518518519,0.8461538461538461,0.9120879120879122,22,D_Augment_2.0
RF,0.8888888888888888,0.8888888888888888,0.9065934065934066,22,D_Augment_4.0
XGB,0.8148148148148148,0.8,0.8626373626373626,22,A_Baseline
XGB,0.8148148148148148,0.8,0.8461538461538461,22,B_Fidelity
XGB,0.7407407407407407,0.72,0.8186813186813187,22,C_Scale
XGB,0.9259259259259259,0.9230769230769231,0.9230769230769231,22,D_Augment_0.5
XGB,0.7407407407407407,0.7407407407407407,0.8461538461538461,22,D_Augment_1.0
XGB,0.8518518518518519,0.8461538461538461,0.8901098901098902,22,D_Augment_2.0
XGB,0.9259259259259259,0.9230769230769231,0.8901098901098903,22,D_Augment_4.0
KNN,0.8148148148148148,0.8,0.9065934065934066,22,A_Baseline
KNN,0.8148148148148148,0.782608695652174,0.8516483516483516,22,B_Fidelity
KNN,0.6666666666666666,0.64,0.8626373626373627,22,C_Scale
KNN,0.7037037037037037,0.6666666666666666,0.8708791208791209,22,D_Augment_0.5
KNN,0.8888888888888888,0.8888888888888888,0.9093406593406593,22,D_Augment_1.0
KNN,0.7777777777777778,0.75,0.8021978021978022,22,D_Augment_2.0
KNN,0.7407407407407407,0.72,0.782967032967033,22,D_Augment_4.0
LR,0.8518518518518519,0.8461538461538461,0.8571428571428571,22,A_Baseline
LR,0.8888888888888888,0.88,0.8626373626373627,22,B_Fidelity
LR,0.9259259259259259,0.9230769230769231,0.9065934065934065,22,C_Scale
LR,0.8518518518518519,0.8461538461538461,0.8846153846153846,22,D_Augment_0.5
LR,0.8148148148148148,0.8,0.8736263736263736,22,D_Augment_1.0
LR,0.8518518518518519,0.8461538461538461,0.8681318681318682,22,D_Augment_2.0
LR,0.8888888888888888,0.8888888888888888,0.8791208791208792,22,D_Augment_4.0
RF,0.8148148148148148,0.782608695652174,0.8351648351648352,23,A_Baseline
RF,0.7407407407407407,0.6666666666666666,0.8571428571428572,23,B_Fidelity
RF,0.7407407407407407,0.6956521739130435,0.9230769230769231,23,C_Scale
RF,0.8148148148148148,0.782608695652174,0.8214285714285715,23,D_Augment_0.5
RF,0.7037037037037037,0.6666666666666666,0.7472527472527473,23,D_Augment_1.0
RF,0.7407407407407407,0.6956521739130435,0.8351648351648352,23,D_Augment_2.0
RF,0.7037037037037037,0.7333333333333333,0.7802197802197802,23,D_Augment_4.0
XGB,0.7407407407407407,0.631578947368421,0.75,23,A_Baseline
XGB,0.7407407407407407,0.6956521739130435,0.7307692307692308,23,B_Fidelity
XGB,0.6296296296296297,0.5454545454545454,0.7692307692307692,23,C_Scale
XGB,0.7037037037037037,0.6,0.8269230769230769,23,D_Augment_0.5
XGB,0.6666666666666666,0.64,0.7802197802197802,23,D_Augment_1.0
XGB,0.7037037037037037,0.5555555555555556,0.8571428571428572,23,D_Augment_2.0
XGB,0.7407407407407407,0.6666666666666666,0.8131868131868132,23,D_Augment_4.0
KNN,0.6296296296296297,0.5833333333333334,0.804945054945055,23,A_Baseline
KNN,0.6666666666666666,0.64,0.6923076923076923,23,B_Fidelity
KNN,0.5925925925925926,0.56,0.5961538461538461,23,C_Scale
KNN,0.6666666666666666,0.64,0.7582417582417582,23,D_Augment_0.5
KNN,0.7777777777777778,0.75,0.8269230769230769,23,D_Augment_1.0
KNN,0.5185185185185185,0.48,0.576923076923077,23,D_Augment_2.0
KNN,0.5925925925925926,0.6206896551724138,0.6153846153846154,23,D_Augment_4.0
LR,0.7407407407407407,0.6956521739130435,0.8241758241758242,23,A_Baseline
LR,0.7407407407407407,0.72,0.7307692307692307,23,B_Fidelity
LR,0.7037037037037037,0.6363636363636364,0.7362637362637363,23,C_Scale
LR,0.7777777777777778,0.7272727272727273,0.8296703296703297,23,D_Augment_0.5
LR,0.7777777777777778,0.75,0.7527472527472527,23,D_Augment_1.0
LR,0.7407407407407407,0.6956521739130435,0.7637362637362638,23,D_Augment_2.0
LR,0.8148148148148148,0.7619047619047619,0.7747252747252747,23,D_Augment_4.0
RF,0.8148148148148148,0.7619047619047619,0.888888888888889,24,A_Baseline
RF,0.7407407407407407,0.6956521739130435,0.7777777777777778,24,B_Fidelity
RF,0.8518518518518519,0.8,0.9,24,C_Scale
RF,0.8518518518518519,0.8181818181818182,0.9055555555555556,24,D_Augment_0.5
RF,0.8518518518518519,0.8181818181818182,0.9333333333333333,24,D_Augment_1.0
RF,0.7777777777777778,0.75,0.8666666666666667,24,D_Augment_2.0
RF,0.8148148148148148,0.7619047619047619,0.8944444444444444,24,D_Augment_4.0
XGB,0.8148148148148148,0.7368421052631579,0.8666666666666666,24,A_Baseline
XGB,0.7777777777777778,0.75,0.8777777777777778,24,B_Fidelity
XGB,0.8518518518518519,0.8,0.9166666666666667,24,C_Scale
XGB,0.8148148148148148,0.7368421052631579,0.9305555555555556,24,D_Augment_0.5
XGB,0.7777777777777778,0.7272727272727273,0.8777777777777778,24,D_Augment_1.0
XGB,0.8518518518518519,0.8181818181818182,0.9,24,D_Augment_2.0
XGB,0.8518518518518519,0.8,0.8944444444444445,24,D_Augment_4.0
KNN,0.6666666666666666,0.6086956521739131,0.7444444444444445,24,A_Baseline
KNN,0.7407407407407407,0.72,0.75,24,B_Fidelity
KNN,0.7777777777777778,0.75,0.8722222222222222,24,C_Scale
KNN,0.7037037037037037,0.6363636363636364,0.6805555555555556,24,D_Augment_0.5
KNN,0.7037037037037037,0.6363636363636364,0.7222222222222221,24,D_Augment_1.0
KNN,0.7037037037037037,0.6,0.7388888888888889,24,D_Augment_2.0
KNN,0.8148148148148148,0.782608695652174,0.8583333333333334,24,D_Augment_4.0
LR,0.7777777777777778,0.7272727272727273,0.8777777777777778,24,A_Baseline
LR,0.8518518518518519,0.8,0.9222222222222223,24,B_Fidelity
LR,0.8148148148148148,0.7619047619047619,0.8999999999999999,24,C_Scale
LR,0.7777777777777778,0.75,0.85,24,D_Augment_0.5
LR,0.8518518518518519,0.8181818181818182,0.8666666666666667,24,D_Augment_1.0
LR,0.8148148148148148,0.8,0.9111111111111111,24,D_Augment_2.0
LR,0.8518518518518519,0.8181818181818182,0.8888888888888888,24,D_Augment_4.0
RF,0.8846153846153846,0.88,0.9345238095238095,25,A_Baseline
RF,0.8461538461538461,0.8333333333333334,0.8988095238095237,25,B_Fidelity
RF,0.8846153846153846,0.88,0.9523809523809523,25,C_Scale
RF,0.9230769230769231,0.9166666666666666,0.9404761904761905,25,D_Augment_0.5
RF,0.9230769230769231,0.9166666666666666,0.9345238095238095,25,D_Augment_1.0
RF,0.8846153846153846,0.88,0.9642857142857143,25,D_Augment_2.0
RF,0.9615384615384616,0.9565217391304348,0.9583333333333333,25,D_Augment_4.0
XGB,0.8461538461538461,0.8333333333333334,0.9077380952380952,25,A_Baseline
XGB,0.7692307692307693,0.75,0.8422619047619047,25,B_Fidelity
XGB,0.8461538461538461,0.8333333333333334,0.9464285714285714,25,C_Scale
XGB,0.8846153846153846,0.88,0.9464285714285714,25,D_Augment_0.5
XGB,0.8846153846153846,0.8571428571428571,0.9880952380952381,25,D_Augment_1.0
XGB,0.9615384615384616,0.9565217391304348,0.9880952380952381,25,D_Augment_2.0
XGB,0.8846153846153846,0.8695652173913043,0.9523809523809523,25,D_Augment_4.0
KNN,0.8461538461538461,0.8181818181818182,0.9107142857142857,25,A_Baseline
KNN,0.8846153846153846,0.88,0.9523809523809523,25,B_Fidelity
KNN,0.7692307692307693,0.7272727272727273,0.8928571428571428,25,C_Scale
KNN,0.8461538461538461,0.8333333333333334,0.9404761904761905,25,D_Augment_0.5
KNN,0.9230769230769231,0.9090909090909091,0.9345238095238095,25,D_Augment_1.0
KNN,0.8461538461538461,0.8333333333333334,0.8988095238095238,25,D_Augment_2.0
KNN,0.7692307692307693,0.75,0.8988095238095238,25,D_Augment_4.0
LR,0.9230769230769231,0.9166666666666666,0.9464285714285714,25,A_Baseline
LR,0.9230769230769231,0.9166666666666666,0.9464285714285714,25,B_Fidelity
LR,0.9230769230769231,0.9166666666666666,0.9404761904761905,25,C_Scale
LR,0.9230769230769231,0.9166666666666666,0.9523809523809523,25,D_Augment_0.5
LR,0.9230769230769231,0.9090909090909091,0.9702380952380951,25,D_Augment_1.0
LR,0.9615384615384616,0.9565217391304348,0.9583333333333333,25,D_Augment_2.0
LR,0.9230769230769231,0.9166666666666666,0.9404761904761905,25,D_Augment_4.0
